email,firstname,lastname,password
Harry_Eagle7436@bauros.biz,Harry,Eagle,Millet
Alan_Hill3124@guentu.biz,Alan,Hill,Ginseng
Holly_Mcneill7108@yahoo.com,Holly,Mcneill,Mangrove tree
Denny_Camden4134@hourpy.biz,Denny,Camden,Morning Glory
Goldie_Gregory6726@joiniaa.com,Goldie,Gregory,Rosemary
Crystal_Marshall3626@gmail.com,Crystal,Marshall,Goldenrod
Owen_Latham6867@bulaffy.com,Owen,Latham,Periwinkle